epoch,time,train/loss,metrics/accuracy_top1,metrics/accuracy_top5,val/loss,lr/pg0,lr/pg1,lr/pg2,lr/pg3,lr/pg4,lr/pg5,lr/pg6,lr/pg7
1,277.978,1.37641,0.946,0.99815,0.17972,0.00999158,0.00333053,0.00999158,0.00333053,0.00999158,0.00333053,0.00999158,0.00333053
2,536.957,0.20341,0.97712,0.99951,0.07258,0.0195957,0.00653192,0.0195957,0.00653192,0.0195957,0.00653192,0.0195957,0.00653192
3,788.027,0.161,0.96383,0.99938,0.11451,0.0288039,0.00960131,0.0288039,0.00960131,0.0288039,0.00960131,0.0288039,0.00960131
4,1036.59,0.16748,0.97257,0.99951,0.08035,0.028218,0.009406,0.028218,0.009406,0.028218,0.009406,0.028218,0.009406
5,1289.33,0.13356,0.97724,0.99963,0.06169,0.027624,0.009208,0.027624,0.009208,0.027624,0.009208,0.027624,0.009208
6,1538.81,0.1115,0.98056,0.99975,0.0583,0.02703,0.00901,0.02703,0.00901,0.02703,0.00901,0.02703,0.00901
7,1787.4,0.10688,0.98401,0.99988,0.05324,0.026436,0.008812,0.026436,0.008812,0.026436,0.008812,0.026436,0.008812
8,2036.12,0.09978,0.98917,1,0.03287,0.025842,0.008614,0.025842,0.008614,0.025842,0.008614,0.025842,0.008614
9,2287.68,0.09465,0.98844,0.99975,0.03288,0.025248,0.008416,0.025248,0.008416,0.025248,0.008416,0.025248,0.008416
10,2540.61,0.08345,0.98954,0.99975,0.02978,0.024654,0.008218,0.024654,0.008218,0.024654,0.008218,0.024654,0.008218
11,2792.31,0.08141,0.99176,0.99988,0.02622,0.02406,0.00802,0.02406,0.00802,0.02406,0.00802,0.02406,0.00802
12,3043.83,0.07578,0.9904,0.99975,0.03141,0.023466,0.007822,0.023466,0.007822,0.023466,0.007822,0.023466,0.007822
13,3291.29,0.07296,0.99151,0.99988,0.02629,0.022872,0.007624,0.022872,0.007624,0.022872,0.007624,0.022872,0.007624
14,3540.01,0.07282,0.99213,0.99988,0.02382,0.022278,0.007426,0.022278,0.007426,0.022278,0.007426,0.022278,0.007426
15,3788.72,0.06445,0.99373,0.99963,0.02136,0.021684,0.007228,0.021684,0.007228,0.021684,0.007228,0.021684,0.007228
16,4036.68,0.0648,0.99397,1,0.02001,0.02109,0.00703,0.02109,0.00703,0.02109,0.00703,0.02109,0.00703
17,4283.03,0.06082,0.99336,0.99988,0.01939,0.020496,0.006832,0.020496,0.006832,0.020496,0.006832,0.020496,0.006832
18,4531.71,0.05902,0.99446,0.99988,0.0169,0.019902,0.006634,0.019902,0.006634,0.019902,0.006634,0.019902,0.006634
19,4793.5,0.06125,0.99508,1,0.01514,0.019308,0.006436,0.019308,0.006436,0.019308,0.006436,0.019308,0.006436
20,5046.18,0.05777,0.99508,0.99988,0.01674,0.018714,0.006238,0.018714,0.006238,0.018714,0.006238,0.018714,0.006238
21,5293.95,0.05293,0.99508,0.99988,0.01725,0.01812,0.00604,0.01812,0.00604,0.01812,0.00604,0.01812,0.00604
22,5542.48,0.04807,0.99508,0.99988,0.01646,0.017526,0.005842,0.017526,0.005842,0.017526,0.005842,0.017526,0.005842
23,5787.39,0.05095,0.99508,0.99988,0.01619,0.016932,0.005644,0.016932,0.005644,0.016932,0.005644,0.016932,0.005644
24,6034.77,0.04627,0.99594,0.99988,0.01449,0.016338,0.005446,0.016338,0.005446,0.016338,0.005446,0.016338,0.005446
25,6286.72,0.04677,0.99631,0.99988,0.0136,0.015744,0.005248,0.015744,0.005248,0.015744,0.005248,0.015744,0.005248
26,6539.42,0.04546,0.99606,0.99988,0.01337,0.01515,0.00505,0.01515,0.00505,0.01515,0.00505,0.01515,0.00505
27,6789.13,0.04,0.99606,0.99988,0.01307,0.014556,0.004852,0.014556,0.004852,0.014556,0.004852,0.014556,0.004852
28,7040.57,0.04086,0.99631,0.99988,0.01298,0.013962,0.004654,0.013962,0.004654,0.013962,0.004654,0.013962,0.004654
29,7293.78,0.03821,0.99656,0.99988,0.01238,0.013368,0.004456,0.013368,0.004456,0.013368,0.004456,0.013368,0.004456
30,7546.26,0.03591,0.9968,0.99988,0.01196,0.012774,0.004258,0.012774,0.004258,0.012774,0.004258,0.012774,0.004258
31,7798.04,0.03455,0.99668,0.99988,0.01155,0.01218,0.00406,0.01218,0.00406,0.01218,0.00406,0.01218,0.00406
32,8050.24,0.03182,0.9968,0.99988,0.01154,0.011586,0.003862,0.011586,0.003862,0.011586,0.003862,0.011586,0.003862
33,8301.62,0.02711,0.99692,0.99988,0.01152,0.010992,0.003664,0.010992,0.003664,0.010992,0.003664,0.010992,0.003664
34,8554.04,0.02988,0.9968,0.99988,0.01136,0.010398,0.003466,0.010398,0.003466,0.010398,0.003466,0.010398,0.003466
35,8806.67,0.02646,0.99668,0.99988,0.01133,0.009804,0.003268,0.009804,0.003268,0.009804,0.003268,0.009804,0.003268
36,9058.58,0.02364,0.9968,0.99988,0.01133,0.00921,0.00307,0.00921,0.00307,0.00921,0.00307,0.00921,0.00307
37,9306.06,0.02201,0.9968,0.99988,0.01142,0.008616,0.002872,0.008616,0.002872,0.008616,0.002872,0.008616,0.002872
38,9553.06,0.02113,0.99668,0.99988,0.01155,0.008022,0.002674,0.008022,0.002674,0.008022,0.002674,0.008022,0.002674
39,9803.65,0.01867,0.99668,0.99988,0.01171,0.007428,0.002476,0.007428,0.002476,0.007428,0.002476,0.007428,0.002476
40,10053.8,0.01752,0.9968,0.99988,0.01178,0.006834,0.002278,0.006834,0.002278,0.006834,0.002278,0.006834,0.002278
41,10299.4,0.01585,0.9968,0.99988,0.01176,0.00624,0.00208,0.00624,0.00208,0.00624,0.00208,0.00624,0.00208
42,10542.7,0.01521,0.99668,0.99988,0.01169,0.005646,0.001882,0.005646,0.001882,0.005646,0.001882,0.005646,0.001882
43,10779,0.01409,0.99643,0.99988,0.01166,0.005052,0.001684,0.005052,0.001684,0.005052,0.001684,0.005052,0.001684
